GLGIAI_0001	Makalu002_147|QGS83752.1|fibritin	100.000	197	0	0	1	197	393	589	2.50e-145	410	197	589
GLGIAI_0002	Makalu002_148|QGS83753.1|neck	100.000	310	0	0	1	310	1	310	0.0	639	310	310
GLGIAI_0003	Makalu002_149|QGS83754.1|homing	100.000	271	0	0	1	271	1	271	0.0	544	271	271
GLGIAI_0004	Makalu002_150|QGS83755.1|neck	100.000	246	0	0	1	246	1	246	0.0	503	246	246
GLGIAI_0005	Makalu002_151|QGS83756.1|tail	100.000	277	0	0	1	277	1	277	0.0	573	277	277
GLGIAI_0006	Makalu002_152|QGS83757.1|small	100.000	165	0	0	1	165	1	165	4.45e-124	339	165	165
GLGIAI_0007	Makalu002_153|QGS83758.1|large	100.000	938	0	0	1	938	1	938	0.0	1960	938	938
GLGIAI_0008	Makalu002_154|QGS83759.1|tail	100.000	666	0	0	1	666	1	666	0.0	1372	666	666
GLGIAI_0009	Makalu002_155|QGS83760.1|tail	100.000	164	0	0	1	164	1	164	1.30e-124	340	164	164
GLGIAI_0010	Makalu002_156|QGS83761.1|portal	100.000	521	0	0	1	521	1	521	0.0	1080	521	521
GLGIAI_0011	Makalu002_157|QGS83762.1|putative	100.000	79	0	0	1	79	1	79	5.62e-48	140	79	79
GLGIAI_0012	Makalu002_158|QGS83763.1|prohead	100.000	135	0	0	1	135	1	135	8.07e-97	268	135	135
GLGIAI_0013	Makalu002_159|QGS83764.1|prohead	100.000	231	0	0	1	231	1	231	9.05e-176	475	231	231
GLGIAI_0014	Makalu002_160|QGS83765.1|prohead	100.000	264	0	0	1	264	1	264	0.0	516	264	264
GLGIAI_0015	Makalu002_161|QGS83766.1|major	100.000	528	0	0	1	528	1	528	0.0	1084	528	528
GLGIAI_0016	Makalu002_162|QGS83767.1|hypothetical	100.000	45	0	0	1	45	1	45	3.65e-31	95.5	45	45
GLGIAI_0017	Makalu002_163|QGS83768.1|hypothetical	100.000	50	0	0	1	50	1	50	1.70e-32	99.0	50	50
GLGIAI_0018	Makalu002_164|QGS83769.1|capsid	100.000	413	0	0	1	413	1	413	0.0	858	413	413
GLGIAI_0019	Makalu002_165|QGS83770.1|hypothetical	100.000	195	0	0	1	195	1	195	8.98e-151	409	195	195
GLGIAI_0020	Makalu002_166|QGS83771.1|hypothetical	100.000	145	0	0	1	145	1	145	4.31e-109	300	145	145
GLGIAI_0021	Makalu002_167|QGS83772.1|hypothetical	100.000	91	0	0	1	91	1	91	1.17e-65	186	91	91
GLGIAI_0022	Makalu002_168|QGS83773.1|hypothetical	100.000	65	0	0	1	65	1	65	6.81e-45	131	65	65
GLGIAI_0023	Makalu002_169|QGS83774.1|head	100.000	400	0	0	1	400	1	400	0.0	831	400	400
GLGIAI_0024	Makalu002_170|QGS83775.1|hypothetical	100.000	54	0	0	1	54	1	54	7.71e-38	112	54	54
GLGIAI_0025	Makalu002_171|QGS83776.1|inhibitor	100.000	241	0	0	1	241	1	241	0.0	491	241	241
GLGIAI_0026	Makalu002_172|QGS83777.1|ATP-dependent	100.000	500	0	0	1	500	1	500	0.0	1047	500	500
GLGIAI_0027	Makalu002_173|QGS83778.1|helicase	100.000	78	0	0	1	78	1	78	9.13e-55	157	78	78
GLGIAI_0028	Makalu002_174|QGS83779.1|hypothetical	100.000	58	0	0	1	58	1	58	7.36e-40	118	58	58
GLGIAI_0029	Makalu002_175|QGS83780.1|recombination,	100.000	135	0	0	1	135	1	135	8.76e-99	273	135	135
GLGIAI_0030	Makalu002_176|QGS83781.1|baseplate	100.000	128	0	0	1	128	1	128	4.37e-93	258	128	128
GLGIAI_0031	Makalu002_177|QGS83782.1|baseplate	100.000	209	0	0	1	209	1	209	4.31e-157	426	209	209
GLGIAI_0032	Makalu002_178|QGS83783.1|baseplate	100.000	256	0	0	1	256	1	256	0.0	521	256	256
GLGIAI_0033	Makalu002_179|QGS83784.1|baseplate	100.000	369	0	0	1	369	1	369	0.0	772	369	369
GLGIAI_0034	Makalu002_180|QGS83785.1|baseplate	100.000	172	0	0	1	172	1	172	7.74e-130	354	172	172
GLGIAI_0035	Makalu002_181|QGS83786.1|baseplate	100.000	577	0	0	1	577	1	577	0.0	1181	577	577
GLGIAI_0036	Makalu002_182|QGS83787.1|baseplate	100.000	352	0	0	1	352	1	352	0.0	710	352	352
GLGIAI_0037	Makalu002_183|QGS83788.1|baseplate	100.000	310	0	0	1	310	1	310	0.0	636	310	310
GLGIAI_0038	Makalu002_184|QGS83789.1|hypothetical	100.000	161	0	0	1	161	1	161	5.38e-119	326	161	161
GLGIAI_0039	Makalu002_185|QGS83790.1|ADP-ribosyltransferase	100.000	274	0	0	1	274	1	274	0.0	568	274	274
GLGIAI_0040	Makalu002_186|QGS83791.1|ADP-ribosyltransferase	100.000	683	0	0	1	683	1	683	0.0	1405	683	683
GLGIAI_0041	Makalu002_187|QGS83792.1|hypothetical	100.000	70	0	0	1	70	1	70	2.01e-47	138	70	70
GLGIAI_0042	Makalu002_188|QGS83793.1|hypothetical	100.000	59	0	0	1	59	1	59	1.15e-38	115	59	59
GLGIAI_0043	Makalu002_189|QGS83794.1|hypothetical	100.000	172	0	0	1	172	1	172	4.41e-131	357	172	172
GLGIAI_0044	Makalu002_190|QGS83795.1|hypothetical	100.000	109	0	0	1	109	1	109	7.58e-82	228	109	109
GLGIAI_0045	Makalu002_191|QGS83796.1|putative	100.000	223	0	0	1	223	16	238	2.06e-173	469	223	238
GLGIAI_0046	Makalu002_193|QGS83798.1|hypothetical	100.000	83	0	0	1	83	1	83	1.63e-59	169	83	83
GLGIAI_0047	Makalu002_194|QGS83799.1|hypothetical	100.000	55	0	0	1	55	1	55	4.27e-38	113	55	55
GLGIAI_0048	Makalu002_195|QGS83800.1|hypothetical	100.000	93	0	0	1	93	1	93	1.39e-67	191	93	93
GLGIAI_0049	Makalu002_196|QGS83801.1|hypothetical	100.000	89	0	0	1	89	1	89	3.85e-66	187	89	89
GLGIAI_0050	Makalu002_197|QGS83802.1|hypothetical	100.000	102	0	0	1	102	1	102	3.28e-76	213	102	102
GLGIAI_0051	Makalu002_198|QGS83803.1|hypothetical	100.000	95	0	0	1	95	1	95	5.28e-69	194	95	95
GLGIAI_0052	Makalu002_199|QGS83804.1|hypothetical	100.000	92	0	0	1	92	1	92	1.83e-67	190	92	92
GLGIAI_0053	Makalu002_200|QGS83805.1|hypothetical	100.000	106	0	0	1	106	1	106	5.31e-79	220	106	106
GLGIAI_0054	Makalu002_201|QGS83806.1|hypothetical	100.000	72	0	0	5	76	1	72	1.55e-52	151	76	72
GLGIAI_0055	Makalu002_203|QGS83808.1|hypothetical	100.000	92	0	0	1	92	1	92	2.11e-68	192	92	92
GLGIAI_0056	Makalu002_204|QGS83809.1|hypothetical	100.000	59	0	0	1	59	1	59	8.72e-42	123	59	59
GLGIAI_0057	Makalu002_205|QGS83810.1|hypothetical	100.000	55	0	0	1	55	1	55	1.13e-38	115	55	55
GLGIAI_0058	Makalu002_206|QGS83811.1|hypothetical	100.000	98	0	0	1	98	1	98	2.24e-72	203	98	98
GLGIAI_0059	Makalu002_207|QGS83812.1|hypothetical	100.000	53	0	0	1	53	1	53	2.57e-33	101	53	53
GLGIAI_0060	Makalu002_208|QGS83813.1|hypothetical	100.000	110	0	0	1	110	1	110	1.81e-79	222	110	110
GLGIAI_0061	Makalu002_209|QGS83814.1|hypothetical	100.000	59	0	0	13	71	1	59	2.67e-39	117	71	59
GLGIAI_0062	Makalu002_210|QGS83815.1|hypothetical	100.000	158	0	0	1	158	1	158	8.34e-121	330	158	158
GLGIAI_0063	Makalu002_211|QGS83816.1|DNA	100.000	498	0	0	1	498	1	498	0.0	1034	498	498
GLGIAI_0064	Makalu002_212|QGS83817.1|hypothetical	100.000	159	0	0	1	159	1	159	2.31e-121	332	159	159
GLGIAI_0065	Makalu002_213|QGS83818.1|hypothetical	100.000	54	0	0	1	54	1	54	7.33e-37	110	54	54
GLGIAI_0066	Makalu002_214|QGS83819.1|head	100.000	107	0	0	1	107	1	107	1.22e-74	209	107	107
GLGIAI_0067	Makalu002_215|QGS83820.1|hypothetical	100.000	104	0	0	1	104	1	104	1.51e-76	214	104	104
GLGIAI_0068	Makalu002_216|QGS83821.1|deoxycytidylate	100.000	168	0	0	1	168	1	168	2.87e-128	350	168	168
GLGIAI_0069	Makalu002_217|QGS83822.1|hypothetical	100.000	67	0	0	1	67	1	67	2.36e-48	140	67	67
GLGIAI_0070	Makalu002_218|QGS83823.1|polynucleotide	100.000	292	0	0	1	292	1	292	0.0	610	292	292
GLGIAI_0071	Makalu002_219|QGS83824.1|putative	100.000	150	0	0	1	150	1	150	9.25e-113	309	150	150
GLGIAI_0072	Makalu002_220|QGS83825.1|putative	100.000	88	0	0	1	88	20	107	5.37e-62	177	88	107
GLGIAI_0073	Makalu002_221|QGS83826.1|RNA	100.000	372	0	0	1	372	18	389	0.0	776	372	389
GLGIAI_0074	Makalu002_222|QGS83827.1|endonuclease	100.000	153	0	0	1	153	1	153	1.07e-115	317	153	153
GLGIAI_0075	Makalu002_223|QGS83828.1|hypothetical	100.000	132	0	0	1	132	1	132	2.65e-97	269	132	132
GLGIAI_0076	Makalu002_224|QGS83829.1|hypothetical	100.000	49	0	0	1	49	1	49	9.91e-33	99.8	49	49
GLGIAI_0077	Makalu002_225|QGS83830.1|hypothetical	100.000	72	0	0	1	72	1	72	2.30e-52	150	72	72
GLGIAI_0078	Makalu002_226|QGS83831.1|hypothetical	100.000	72	0	0	1	72	1	72	5.84e-52	149	72	72
GLGIAI_0079	Makalu002_227|QGS83832.1|putative	100.000	158	0	0	1	158	1	158	3.08e-119	326	158	158
GLGIAI_0080	Makalu002_228|QGS83833.1|aerobic	100.000	386	0	0	1	386	1	386	0.0	805	386	386
GLGIAI_0081	Makalu002_229|QGS83834.1|hypothetical	100.000	55	0	0	1	55	1	55	3.26e-39	116	55	55
GLGIAI_0082	Makalu002_230|QGS83835.1|hypothetical	100.000	57	0	0	1	57	1	57	2.95e-40	119	57	57
GLGIAI_0083	Makalu002_231|QGS83836.1|hypothetical	100.000	55	0	0	1	55	1	55	1.19e-37	112	55	55
GLGIAI_0084	Makalu002_232|QGS83837.1|ribonucleoside-diphosphate	100.000	747	0	0	1	747	1	747	0.0	1558	747	747
GLGIAI_0085	Makalu002_233|QGS83838.1|hypothetical	100.000	100	0	0	1	100	1	100	1.30e-75	211	100	100
GLGIAI_0086	Makalu002_234|QGS83839.1|dTMP	100.000	410	0	0	1	410	1	410	0.0	860	410	410
GLGIAI_0087	Makalu002_235|QGS83840.1|hypothetical	100.000	89	0	0	1	89	1	89	1.88e-64	182	89	89
GLGIAI_0088	Makalu002_236|QGS83841.1|dihydrofolate	100.000	189	0	0	1	189	1	189	4.62e-143	389	189	189
GLGIAI_0089	Makalu002_237|QGS83842.1|hypothetical	100.000	109	0	0	1	109	1	109	1.13e-80	225	109	109
GLGIAI_0090	Makalu002_238|QGS83843.1|hypothetical	100.000	109	0	0	1	109	1	109	1.53e-78	219	109	109
GLGIAI_0091	Makalu002_239|QGS83844.1|single-stranded	100.000	324	0	0	1	324	1	324	0.0	669	324	324
GLGIAI_0092	Makalu002_240|QGS83845.1|putative	100.000	198	0	0	1	198	1	198	1.17e-150	409	198	198
GLGIAI_0093	Makalu002_241|QGS83846.1|helicase	100.000	225	0	0	1	225	1	225	7.98e-171	462	225	225
GLGIAI_0094	Makalu002_242|QGS83847.1|late	100.000	84	0	0	1	84	1	84	3.41e-60	171	84	84
GLGIAI_0095	Makalu002_243|QGS83848.1|double-stranded	100.000	91	0	0	1	91	1	91	6.49e-65	184	91	91
GLGIAI_0096	Makalu002_244|QGS83849.1|inorganic	100.000	198	0	0	1	198	1	198	2.01e-148	403	198	198
GLGIAI_0097	Makalu002_245|QGS83850.1|ribonuclease	100.000	315	0	0	1	315	1	315	0.0	653	315	315
GLGIAI_0098	Makalu002_246|QGS83851.1|hypothetical	100.000	61	0	0	1	61	1	61	9.58e-42	123	61	61
GLGIAI_0099	Makalu002_247|QGS83852.1|long	99.920	1246	1	0	1	1246	1	1246	0.0	2582	1246	1246
GLGIAI_0100	Makalu002_248|QGS83853.1|long	100.000	379	0	0	1	379	1	379	0.0	789	379	379
GLGIAI_0101	Makalu002_249|QGS83854.1|hinge	100.000	496	0	0	1	496	1	496	0.0	1023	496	496
GLGIAI_0102	Makalu002_250|QGS83855.1|long	100.000	922	0	0	1	922	1	922	0.0	1897	922	922
GLGIAI_0103	Makalu002_251|QGS83856.1|hypothetical	100.000	79	0	0	1	79	1	79	2.66e-57	164	79	79
GLGIAI_0104	Makalu002_252|QGS83857.1|holin	100.000	218	0	0	1	218	1	218	3.98e-166	450	218	218
GLGIAI_0105	Makalu002_253|QGS83858.1|hypothetical	100.000	82	0	0	1	82	1	82	6.57e-61	173	82	82
GLGIAI_0106	Makalu002_254|QGS83859.1|hypothetical	100.000	103	0	0	1	103	1	103	4.64e-76	213	103	103
GLGIAI_0107	Makalu002_255|QGS83860.1|hypothetical	100.000	110	0	0	1	110	1	110	5.28e-81	226	110	110
GLGIAI_0108	Makalu002_256|QGS83861.1|hypothetical	100.000	122	0	0	1	122	1	122	1.62e-91	253	122	122
GLGIAI_0109	Makalu002_257|QGS83862.1|hypothetical	100.000	63	0	0	1	63	1	63	1.15e-45	133	63	63
GLGIAI_0110	Makalu002_258|QGS83863.1|hypothetical	100.000	92	0	0	1	92	1	92	5.42e-68	191	92	92
GLGIAI_0111	Makalu002_259|QGS83864.1|hypothetical	100.000	252	0	0	1	252	1	252	0.0	523	252	252
GLGIAI_0112	Makalu002_260|QGS83865.1|hypothetical	100.000	51	0	0	1	51	1	51	1.19e-35	107	51	51
GLGIAI_0113	Makalu002_261|QGS83866.1|hypothetical	100.000	70	0	0	1	70	1	70	1.26e-47	138	70	70
GLGIAI_0114	Makalu002_262|QGS83867.1|hypothetical	100.000	80	0	0	1	80	1	80	1.34e-54	157	80	80
GLGIAI_0115	Makalu002_263|QGS83868.1|hypothetical	100.000	66	0	0	1	66	1	66	3.47e-42	124	66	66
GLGIAI_0116	Makalu002_265|QGS83870.1|hypothetical	100.000	90	0	0	1	90	1	90	2.91e-66	187	90	90
GLGIAI_0117	Makalu002_266|QGS83871.1|hypothetical	100.000	68	0	0	1	68	1	68	3.66e-49	142	68	68
GLGIAI_0118	Makalu002_267|QGS83872.1|hypothetical	100.000	131	0	0	1	131	1	131	1.69e-98	271	131	131
GLGIAI_0119	Makalu002_268|QGS83873.1|hypothetical	100.000	65	0	0	1	65	1	65	4.06e-45	132	65	65
GLGIAI_0120	Makalu002_269|QGS83874.1|DNA	100.000	454	0	0	1	454	1	454	0.0	939	454	454
GLGIAI_0121	Makalu002_270|QGS83875.1|hypothetical	100.000	120	0	0	1	120	1	120	1.10e-86	241	120	120
GLGIAI_0122	Makalu002_271|QGS83876.1|hypothetical	100.000	97	0	0	1	97	1	97	1.81e-69	196	97	97
GLGIAI_0123	Makalu002_272|QGS83877.1|hypothetical	100.000	105	0	0	1	105	1	105	1.78e-75	211	105	105
GLGIAI_0124	Makalu002_273|QGS83878.1|protector	100.000	330	0	0	1	330	1	330	0.0	682	330	330
GLGIAI_0125	Makalu002_274|QGS83879.1|hypothetical	100.000	43	0	0	1	43	1	43	2.46e-27	85.5	43	43
GLGIAI_0126	Makalu002_001|QGS83606.1|rIIA	100.000	702	0	0	1	702	1	702	0.0	1472	702	702
GLGIAI_0127	Makalu002_002|QGS83607.1|hypothetical	100.000	85	0	0	1	85	1	85	3.89e-62	176	85	85
GLGIAI_0128	Makalu002_003|QGS83608.1|hypothetical	100.000	64	0	0	1	64	1	64	5.66e-44	129	64	64
GLGIAI_0129	Makalu002_004|QGS83609.1|hypothetical	100.000	64	0	0	1	64	1	64	1.03e-44	130	64	64
GLGIAI_0130	Makalu002_005|QGS83610.1|hypothetical	100.000	99	0	0	13	111	1	99	1.63e-72	204	111	99
GLGIAI_0131	Makalu002_006|QGS83611.1|DNA	100.000	607	0	0	1	607	1	607	0.0	1253	607	607
GLGIAI_0132	Makalu002_007|QGS83612.1|FmdB	100.000	57	0	0	1	57	1	57	1.61e-40	119	57	57
GLGIAI_0133	Makalu002_008|QGS83613.1|exonuclease	100.000	222	0	0	1	222	1	222	1.64e-171	464	222	222
GLGIAI_0134	Makalu002_009|QGS83614.1|hypothetical	100.000	80	0	0	1	80	1	80	5.51e-58	165	80	80
GLGIAI_0135	Makalu002_010|QGS83615.1|hypothetical	100.000	48	0	0	1	48	1	48	2.71e-31	95.9	48	48
GLGIAI_0136	Makalu002_011|QGS83616.1|hypothetical	100.000	55	0	0	1	55	1	55	5.56e-40	118	55	55
GLGIAI_0137	Makalu002_012|QGS83617.1|DNA	100.000	463	0	0	1	463	1	463	0.0	958	463	463
GLGIAI_0138	Makalu002_013|QGS83618.1|hypothetical	100.000	104	0	0	1	104	1	104	3.29e-76	213	104	104
GLGIAI_0139	Makalu002_014|QGS83619.1|putative	100.000	251	0	0	1	251	1	251	0.0	511	251	251
GLGIAI_0140	Makalu002_015|QGS83620.1|ADP-ribosylase	100.000	167	0	0	1	167	1	167	4.73e-126	344	167	167
GLGIAI_0141	Makalu002_016|QGS83621.1|dCTP	100.000	172	0	0	1	172	1	172	2.02e-132	361	172	172
GLGIAI_0142	Makalu002_017|QGS83622.1|DNA	100.000	342	0	0	1	342	1	342	0.0	718	342	342
GLGIAI_0143	Makalu002_018|QGS83623.1|hypothetical	100.000	67	0	0	1	67	1	67	2.92e-47	137	67	67
GLGIAI_0144	Makalu002_020|QGS83625.1|major	100.000	58	0	0	1	58	1	58	1.27e-38	115	58	58
GLGIAI_0145	Makalu002_021|QGS83626.1|hypothetical	100.000	125	0	0	1	125	1	125	2.46e-93	258	125	125
GLGIAI_0146	Makalu002_022|QGS83627.1|hypothetical	100.000	211	0	0	1	211	1	211	1.13e-159	433	211	211
GLGIAI_0147	Makalu002_023|QGS83628.1|ATP-dependent	100.000	470	0	0	1	470	1	470	0.0	975	470	470
GLGIAI_0148	Makalu002_024|QGS83629.1|head	100.000	105	0	0	1	105	1	105	9.32e-76	212	105	105
GLGIAI_0149	Makalu002_025|QGS83630.1|RecA-like	100.000	356	0	0	1	356	1	356	0.0	735	356	356
GLGIAI_0150	Makalu002_026|QGS83631.1|hypothetical	100.000	62	0	0	1	62	1	62	6.58e-43	126	62	62
GLGIAI_0151	Makalu002_027|QGS83632.1|DNA	100.000	892	0	0	1	892	1	892	0.0	1853	892	892
GLGIAI_0152	Makalu002_028|QGS83633.1|translation	100.000	120	0	0	1	120	1	120	1.02e-88	246	120	120
GLGIAI_0153	Makalu002_029|QGS83634.1|Sliding-clamp-loader	100.000	192	0	0	1	192	1	192	1.33e-147	401	192	192
GLGIAI_0154	Makalu002_030|QGS83635.1|clamp	100.000	324	0	0	1	324	1	324	0.0	671	324	324
GLGIAI_0155	Makalu002_031|QGS83636.1|sliding	100.000	228	0	0	1	228	1	228	1.35e-173	469	228	228
GLGIAI_0156	Makalu002_032|QGS83637.1|hypothetical	100.000	125	0	0	1	125	1	125	8.55e-95	262	125	125
GLGIAI_0157	Makalu002_033|QGS83638.1|RNA	100.000	125	0	0	1	125	1	125	4.19e-91	253	125	125
GLGIAI_0158	Makalu002_035|QGS83640.1|endonuclease	100.000	560	0	0	1	560	1	560	0.0	1154	560	560
GLGIAI_0159	Makalu002_036|QGS83641.1|hypothetical	100.000	87	0	0	1	87	1	87	3.93e-63	179	87	87
GLGIAI_0160	Makalu002_037|QGS83642.1|hypothetical	100.000	190	0	0	1	190	1	190	5.66e-146	396	190	190
GLGIAI_0161	Makalu002_038|QGS83643.1|hypothetical	100.000	105	0	0	1	105	1	105	1.09e-77	217	105	105
GLGIAI_0162	Makalu002_039|QGS83644.1|hypothetical	100.000	83	0	0	1	83	1	83	1.81e-60	172	83	83
GLGIAI_0163	Makalu002_040|QGS83645.1|endonuclease	100.000	341	0	0	1	341	1	341	0.0	707	341	341
GLGIAI_0164	Makalu002_041|QGS83646.1|hypothetical	100.000	95	0	0	1	95	1	95	1.89e-68	193	95	95
GLGIAI_0165	Makalu002_042|QGS83647.1|hypothetical	100.000	77	0	0	1	77	1	77	2.75e-54	155	77	77
GLGIAI_0166	Makalu002_043|QGS83648.1|RNA	100.000	177	0	0	1	177	1	177	6.91e-136	370	177	177
GLGIAI_0167	Makalu002_044|QGS83649.1|hypothetical	100.000	496	0	0	1	496	1	496	0.0	1035	496	496
GLGIAI_0168	Makalu002_045|QGS83650.1|hypothetical	100.000	95	0	0	1	95	1	95	1.67e-69	196	95	95
GLGIAI_0169	Makalu002_046|QGS83651.1|putative	100.000	52	0	0	1	52	1	52	9.93e-35	104	52	52
GLGIAI_0170	Makalu002_047|QGS83652.1|thioredoxin	100.000	89	0	0	1	89	1	89	2.53e-64	182	89	89
GLGIAI_0171	Makalu002_048|QGS83653.1|hypothetical	100.000	160	0	0	1	160	1	160	6.94e-119	325	160	160
GLGIAI_0172	Makalu002_049|QGS83654.1|hypothetical	100.000	274	0	0	1	274	1	274	0.0	562	274	274
GLGIAI_0173	Makalu002_050|QGS83655.1|hypothetical	100.000	161	0	0	1	161	1	161	2.62e-122	334	161	161
GLGIAI_0174	Makalu002_051|QGS83656.1|hypothetical	100.000	175	0	0	1	175	1	175	7.82e-130	354	175	175
GLGIAI_0175	Makalu002_052|QGS83657.1|anaerobic	100.000	167	0	0	1	167	1	167	1.31e-125	343	167	167
GLGIAI_0176	Makalu002_053|QGS83658.1|hypothetical	100.000	50	0	0	1	50	1	50	1.48e-33	101	50	50
GLGIAI_0177	Makalu002_054|QGS83659.1|hypothetical	100.000	181	0	0	1	181	1	181	1.87e-140	382	181	181
GLGIAI_0178	Makalu002_055|QGS83660.1|hypothetical	100.000	180	0	0	1	180	1	180	1.79e-137	374	180	180
GLGIAI_0179	Makalu002_056|QGS83661.1|putative	100.000	620	0	0	1	620	1	620	0.0	1296	620	620
GLGIAI_0180	Makalu002_057|QGS83662.1|hypothetical	100.000	164	0	0	1	164	1	164	6.96e-121	331	164	164
GLGIAI_0181	Makalu002_058|QGS83663.1|hypothetical	100.000	392	0	0	1	392	1	392	0.0	808	392	392
GLGIAI_0182	Makalu002_059|QGS83664.1|hypothetical	100.000	188	0	0	1	188	1	188	3.42e-140	382	188	188
GLGIAI_0183	Makalu002_060|QGS83665.1|hypothetical	100.000	86	0	0	1	86	1	86	6.83e-63	178	86	86
GLGIAI_0184	Makalu002_061|QGS83666.1|recombination	100.000	157	0	0	1	157	1	157	1.17e-120	330	157	157
GLGIAI_0185	Makalu002_062|QGS83667.1|thioredoxin	100.000	93	0	0	1	93	1	93	9.18e-67	188	93	93
GLGIAI_0186	Makalu002_063|QGS83668.1|DNA	100.000	270	0	0	1	270	1	270	0.0	558	270	270
GLGIAI_0187	Makalu002_064|QGS83669.1|hypothetical	100.000	143	0	0	1	143	1	143	5.34e-108	296	143	143
GLGIAI_0188	Makalu002_065|QGS83670.1|hypothetical	100.000	84	0	0	1	84	1	84	1.40e-60	172	84	84
GLGIAI_0189	Makalu002_066|QGS83671.1|hypothetical	100.000	73	0	0	1	73	1	73	6.17e-53	152	73	73
GLGIAI_0190	Makalu002_067|QGS83672.1|hypothetical	100.000	97	0	0	1	97	1	97	6.15e-67	189	97	97
GLGIAI_0191	Makalu002_068|QGS83673.1|hypothetical	100.000	102	0	0	1	102	1	102	4.16e-74	207	102	102
GLGIAI_0192	Makalu002_069|QGS83674.1|hypothetical	100.000	102	0	0	1	102	1	102	1.68e-75	211	102	102
GLGIAI_0193	Makalu002_070|QGS83675.1|hypothetical	100.000	92	0	0	1	92	1	92	1.92e-67	190	92	92
GLGIAI_0195	Makalu002_072|QGS83677.1|hypothetical	100.000	112	0	0	1	112	1	112	6.92e-84	233	112	112
GLGIAI_0196	Makalu002_073|QGS83678.1|hypothetical	100.000	88	0	0	1	88	1	88	1.27e-64	182	88	88
GLGIAI_0197	Makalu002_074|QGS83679.1|hypothetical	100.000	82	0	0	1	82	1	82	1.22e-59	170	82	82
GLGIAI_0198	Makalu002_075|QGS83680.1|hypothetical	100.000	144	0	0	1	144	1	144	1.09e-110	303	144	144
GLGIAI_0199	Makalu002_076|QGS83681.1|hypothetical	100.000	72	0	0	1	72	1	72	1.44e-51	149	72	72
GLGIAI_0200	Makalu002_077|QGS83682.1|hypothetical	100.000	65	0	0	1	65	1	65	1.65e-47	138	65	65
GLGIAI_0201	Makalu002_078|QGS83683.1|hypothetical	100.000	96	0	0	1	96	1	96	9.28e-70	196	96	96
GLGIAI_0202	Makalu002_079|QGS83684.1|receptor-recognizing	100.000	259	0	0	1	259	1	259	0.0	503	259	259
GLGIAI_0203	Makalu002_080|QGS83685.1|hypothetical	100.000	73	0	0	1	73	1	73	5.74e-52	149	73	73
GLGIAI_0204	Makalu002_081|QGS83686.1|hypothetical	100.000	94	0	0	1	94	1	94	8.29e-70	196	94	94
GLGIAI_0205	Makalu002_082|QGS83687.1|hypothetical	100.000	116	0	0	1	116	1	116	3.35e-84	234	116	116
GLGIAI_0206	Makalu002_083|QGS83688.1|hypothetical	100.000	112	0	0	1	112	1	112	4.44e-85	236	112	112
GLGIAI_0207	Makalu002_084|QGS83689.1|hypothetical	100.000	69	0	0	1	69	1	69	3.53e-48	140	69	69
GLGIAI_0208	Makalu002_085|QGS83690.1|hypothetical	100.000	132	0	0	1	132	1	132	6.90e-100	275	132	132
GLGIAI_0209	Makalu002_086|QGS83691.1|rI	100.000	100	0	0	1	100	1	100	5.53e-76	212	100	100
GLGIAI_0210	Makalu002_087|QGS83692.1|thymidine	100.000	198	0	0	1	198	1	198	5.59e-152	412	198	198
GLGIAI_0211	Makalu002_088|QGS83693.1|hypothetical	100.000	97	0	0	1	97	1	97	6.09e-70	197	97	97
GLGIAI_0212	Makalu002_089|QGS83694.1|hypothetical	100.000	72	0	0	1	72	1	72	4.99e-53	152	72	72
GLGIAI_0213	Makalu002_090|QGS83695.1|hypothetical	100.000	64	0	0	1	64	1	64	1.63e-47	137	64	64
GLGIAI_0214	Makalu002_091|QGS83696.1|hypothetical	100.000	151	0	0	1	151	1	151	3.05e-113	310	151	151
GLGIAI_0215	Makalu002_092|QGS83697.1|valyl-tRNA	100.000	119	0	0	1	119	1	119	2.24e-88	245	119	119
GLGIAI_0216	Makalu002_093|QGS83698.1|hypothetical	100.000	196	0	0	1	196	1	196	9.35e-147	399	196	196
GLGIAI_0217	Makalu002_094|QGS83699.1|site-specific	100.000	140	0	0	1	140	1	140	9.22e-106	291	140	140
GLGIAI_0218	Makalu002_095|QGS83700.1|hypothetical	100.000	111	0	0	1	111	1	111	6.86e-84	233	111	111
GLGIAI_0219	Makalu002_096|QGS83701.1|hypothetical	100.000	81	0	0	1	81	1	81	8.13e-61	172	81	81
GLGIAI_0220	Makalu002_097|QGS83702.1|hypothetical	100.000	64	0	0	1	64	1	64	8.95e-47	136	64	64
GLGIAI_0221	Makalu002_098|QGS83703.1|hypothetical	100.000	232	0	0	1	232	1	232	2.66e-179	484	232	232
GLGIAI_0222	Makalu002_099|QGS83704.1|hypothetical	100.000	138	0	0	1	138	1	138	2.59e-102	282	138	138
GLGIAI_0223	Makalu002_100|QGS83705.1|hypothetical	100.000	41	0	0	1	41	1	41	1.95e-26	83.2	41	41
GLGIAI_0224	Makalu002_101|QGS83706.1|hypothetical	100.000	161	0	0	1	161	1	161	1.44e-120	330	161	161
GLGIAI_0225	Makalu002_102|QGS83707.1|putative	100.000	129	0	0	1	129	1	129	2.12e-96	266	129	129
GLGIAI_0226	Makalu002_103|QGS83708.1|hypothetical	100.000	63	0	0	1	63	1	63	7.45e-43	126	63	63
GLGIAI_0227	Makalu002_104|QGS83709.1|hypothetical	100.000	71	0	0	1	71	1	71	6.12e-50	144	71	71
GLGIAI_0228	Makalu002_105|QGS83710.1|hypothetical	100.000	59	0	0	1	59	1	59	4.96e-38	113	59	59
GLGIAI_0229	Makalu002_106|QGS83711.1|hypothetical	100.000	62	0	0	1	62	1	62	8.91e-39	115	62	62
GLGIAI_0230	Makalu002_107|QGS83712.1|hypothetical	100.000	52	0	0	1	52	1	52	2.28e-33	101	52	52
GLGIAI_0231	Makalu002_108|QGS83713.1|hypothetical	100.000	104	0	0	1	104	1	104	1.34e-76	214	104	104
GLGIAI_0232	Makalu002_109|QGS83714.1|hypothetical	100.000	106	0	0	1	106	1	106	1.13e-76	214	106	106
GLGIAI_0233	Makalu002_110|QGS83715.1|hypothetical	100.000	66	0	0	1	66	1	66	4.10e-44	129	66	66
GLGIAI_0234	Makalu002_111|QGS83716.1|hypothetical	100.000	60	0	0	1	60	1	60	7.05e-41	120	60	60
GLGIAI_0235	Makalu002_112|QGS83717.1|hypothetical	100.000	108	0	0	1	108	1	108	1.53e-78	219	108	108
GLGIAI_0236	Makalu002_113|QGS83718.1|hypothetical	100.000	62	0	0	1	62	1	62	1.48e-42	125	62	62
GLGIAI_0237	Makalu002_114|QGS83719.1|hypothetical	100.000	62	0	0	1	62	1	62	9.07e-45	130	62	62
GLGIAI_0238	Makalu002_115|QGS83720.1|hypothetical	100.000	75	0	0	1	75	1	75	8.83e-54	154	75	75
GLGIAI_0239	Makalu002_116|QGS83721.1|hypothetical	100.000	61	0	0	1	61	1	61	8.21e-42	123	61	61
GLGIAI_0240	Makalu002_117|QGS83722.1|hypothetical	100.000	72	0	0	1	72	1	72	1.29e-51	149	72	72
GLGIAI_0241	Makalu002_118|QGS83723.1|hypothetical	100.000	60	0	0	1	60	1	60	4.10e-42	124	60	60
GLGIAI_0242	Makalu002_120|QGS83725.1|hypothetical	100.000	36	0	0	1	36	1	36	1.00e-22	73.6	36	36
GLGIAI_0243	Makalu002_121|QGS83726.1|hypothetical	100.000	65	0	0	1	65	1	65	2.83e-42	124	65	65
GLGIAI_0244	Makalu002_122|QGS83727.1|discriminator	100.000	64	0	0	1	64	1	64	6.97e-44	129	64	64
GLGIAI_0245	Makalu002_123|QGS83728.1|hypothetical	100.000	52	0	0	1	52	1	52	3.20e-31	95.9	52	52
GLGIAI_0246	Makalu002_124|QGS83729.1|hypothetical	100.000	125	0	0	1	125	1	125	1.67e-94	261	125	125
GLGIAI_0247	Makalu002_125|QGS83730.1|hypothetical	100.000	154	0	0	1	154	1	154	5.00e-116	318	154	154
GLGIAI_0248	Makalu002_126|QGS83731.1|chaperone	100.000	86	0	0	1	86	1	86	3.04e-59	169	86	86
GLGIAI_0249	Makalu002_127|QGS83732.1|putative	100.000	218	0	0	1	218	1	218	2.10e-166	451	218	218
GLGIAI_0250	Makalu002_128|QGS83733.1|tail	100.000	196	0	0	1	196	1	196	3.12e-153	415	196	196
GLGIAI_0251	Makalu002_129|QGS83734.1|hypothetical	100.000	84	0	0	1	84	1	84	8.37e-58	165	84	84
GLGIAI_0252	Makalu002_130|QGS83735.1|DNA	100.000	273	0	0	1	273	1	273	0.0	561	273	273
GLGIAI_0253	Makalu002_131|QGS83736.1|putative	100.000	340	0	0	1	340	1	340	0.0	696	340	340
GLGIAI_0254	Makalu002_132|QGS83737.1|head	100.000	157	0	0	1	157	1	157	1.26e-118	325	157	157
GLGIAI_0255	Makalu002_133|QGS83738.1|baseplate	100.000	184	0	0	1	184	1	184	9.38e-141	383	184	184
GLGIAI_0256	Makalu002_134|QGS83739.1|baseplate	100.000	599	0	0	1	599	1	599	0.0	1239	599	599
GLGIAI_0257	Makalu002_135|QGS83740.1|hypothetical	100.000	188	0	0	1	188	1	188	6.67e-141	384	188	188
GLGIAI_0258	Makalu002_136|QGS83741.1|hypothetical	100.000	97	0	0	1	97	1	97	1.42e-69	196	97	97
GLGIAI_0259	Makalu002_137|QGS83742.1|baseplate	100.000	634	0	0	1	634	1	634	0.0	1305	634	634
GLGIAI_0260	Makalu002_138|QGS83743.1|baseplate	100.000	1028	0	0	1	1028	1	1028	0.0	2125	1028	1028
GLGIAI_0261	Makalu002_139|QGS83744.1|baseplate	100.000	331	0	0	1	331	1	331	0.0	687	331	331
GLGIAI_0262	Makalu002_140|QGS83745.1|hypothetical	100.000	85	0	0	1	85	1	85	4.76e-64	181	85	85
GLGIAI_0263	Makalu002_141|QGS83746.1|hypothetical	100.000	109	0	0	1	109	1	109	1.16e-82	230	109	109
GLGIAI_0264	Makalu002_142|QGS83747.1|release	100.000	279	0	0	1	279	1	279	0.0	580	279	279
GLGIAI_0265	Makalu002_143|QGS83748.1|baseplate	100.000	284	0	0	1	284	1	284	0.0	578	284	284
GLGIAI_0266	Makalu002_144|QGS83749.1|baseplate	100.000	600	0	0	1	600	1	600	0.0	1236	600	600
GLGIAI_0267	Makalu002_145|QGS83750.1|baseplate	100.000	214	0	0	1	214	1	214	2.58e-161	437	214	214
GLGIAI_0268	Makalu002_146|QGS83751.1|short	100.000	466	0	0	1	466	1	466	0.0	961	466	466
GLGIAI_0269	Makalu002_147|QGS83752.1|fibritin	100.000	391	0	0	1	391	1	391	0.0	786	391	589
