#Annotated with Bakta v1.12.1, https://github.com/oschwengers/bakta
#Database v6.0, https://doi.org/10.5281/zenodo.4247252
#Sequence Id	Start	Stop	Strand	Locus Tag	Mol Weight [kDa]	Iso El. Point	Pfam hits	Dbxrefs
contig_1	3	596	+	GLGIAI_0001	21.8	5.0		
contig_1	1629	2444	+	GLGIAI_0003	31.4	9.8	PF07460.16|NUMOD3, PF19835.5|SegE_GIY-YIG, PF20987.3|I-TevI_DNA-bd	PFAM:PF07460.16, PFAM:PF19835.5, PFAM:PF20987.3
contig_1	4589	7405	+	GLGIAI_0007	106.9	6.2	PF14528.11|LAGLIDADG_3, PF17289.8|Terminase_6C	PFAM:PF14528.11, PFAM:PF17289.8
contig_1	11633	11872	+	GLGIAI_0011	9.5	4.2		
contig_1	15788	15925	+	GLGIAI_0016	5.4	4.7		SO:0001217, UniRef:UniRef50_A7XFC2
contig_1	15958	16110	+	GLGIAI_0017	5.8	9.9		SO:0001217, UniRef:UniRef50_Q7Y3M7
contig_1	18437	18874	-	GLGIAI_0020	16.3	9.7		SO:0001217, UniRef:UniRef50_Q7Y3M5
contig_1	18921	19196	-	GLGIAI_0021	10.5	10.1		SO:0001217, UniRef:UniRef50_Q7Y443
contig_1	19196	19393	-	GLGIAI_0022	7.5	6.5		SO:0001217, UniRef:UniRef50_C4MYZ0
contig_1	20892	21056	-	GLGIAI_0024	6.1	8.2		
contig_1	23777	23953	-	GLGIAI_0028	6.5	4.2		SO:0001217, UniRef:UniRef50_Q7Y440
contig_1	24824	25453	-	GLGIAI_0031	23.9	4.7		
contig_1	31653	32138	-	GLGIAI_0038	18.7	6.0		
contig_1	35158	35370	-	GLGIAI_0041	8.0	4.5		SO:0001217, UniRef:UniRef50_Q7Y3M1
contig_1	35442	35621	-	GLGIAI_0042	6.4	5.2		
contig_1	36210	36539	-	GLGIAI_0044	13.0	6.2		SO:0001217, UniRef:UniRef50_A0A0B7MS38
contig_1	37494	37745	-	GLGIAI_0046	9.1	9.5		SO:0001217, UniRef:UniRef50_A7XFF9
contig_1	37829	37996	-	GLGIAI_0047	6.2	5.2		SO:0001217, UniRef:UniRef50_Q7Y3L5
contig_1	38073	38354	-	GLGIAI_0048	10.6	9.1		SO:0001217, UniRef:UniRef50_Q7Y3L3
contig_1	38821	39129	-	GLGIAI_0050	12.1	6.4		SO:0001217, UniRef:UniRef50_Q7Y3K9
contig_1	39550	39828	-	GLGIAI_0052	10.7	5.7		SO:0001217, UniRef:UniRef50_A0A6B9X317
contig_1	39833	40153	-	GLGIAI_0053	12.5	5.5		SO:0001217, UniRef:UniRef50_Q7Y3K6
contig_1	40577	40855	-	GLGIAI_0055	11.0	5.7		SO:0001217, UniRef:UniRef50_A0A0B7MJE4
contig_1	41112	41279	-	GLGIAI_0057	6.2	5.6		SO:0001217, UniRef:UniRef50_Q7Y3L5
contig_1	41350	41646	-	GLGIAI_0058	11.6	4.3		SO:0001217, UniRef:UniRef50_A0A0B7MSZ8
contig_1	41662	41823	-	GLGIAI_0059	5.6	5.9		
contig_1	41881	42213	-	GLGIAI_0060	12.5	5.0		SO:0001217, UniRef:UniRef50_Q7Y3J8
contig_1	42231	42446	-	GLGIAI_0061	8.1	4.7		SO:0001217, UniRef:UniRef50_A0A6B9X326
contig_1	46356	46559	-	GLGIAI_0069	7.7	9.1		SO:0001217, UniRef:UniRef50_Q7Y433
contig_1	49871	50269	-	GLGIAI_0075	14.8	6.1		SO:0001217, UniRef:UniRef50_C4MZ50
contig_1	50340	50489	-	GLGIAI_0076	5.5	4.4		SO:0001217, UniRef:UniRef50_A0A6B9X1N8
contig_1	50557	50775	-	GLGIAI_0077	8.6	9.7		SO:0001217, UniRef:UniRef50_Q7Y3J1
contig_1	50845	51063	-	GLGIAI_0078	9.2	9.9		SO:0001217, UniRef:UniRef50_C4MZ52
contig_1	52813	52980	-	GLGIAI_0081	6.3	7.8		SO:0001217, UniRef:UniRef50_Q7Y3I8
contig_1	55644	55946	-	GLGIAI_0085	11.7	8.9		
contig_1	63358	63543	-	GLGIAI_0098	7.2	5.0		SO:0001217, UniRef:UniRef50_Q7Y3I2
contig_1	73104	73343	+	GLGIAI_0103	9.2	5.3		SO:0001217, UniRef:UniRef50_Q7Y3I1
contig_1	74314	74625	-	GLGIAI_0106	12.1	6.4		
contig_1	74991	75359	-	GLGIAI_0108	14.3	4.9		SO:0001217, UniRef:UniRef50_Q7Y3G5
contig_1	75585	75863	-	GLGIAI_0110	11.2	9.4		
contig_1	76704	76859	-	GLGIAI_0112	6.0	4.9		SO:0001217, UniRef:UniRef50_A0A6B9X7L9
contig_1	76929	77141	-	GLGIAI_0113	8.0	8.1		SO:0001217, UniRef:UniRef50_Q7Y3H7
contig_1	77211	77453	-	GLGIAI_0114	9.0	4.6		SO:0001217, UniRef:UniRef50_A0A0B7MRT0
contig_1	77889	78161	-	GLGIAI_0116	10.3	4.6		SO:0001217, UniRef:UniRef50_Q7Y3G8
contig_1	78228	78434	-	GLGIAI_0117	7.9	4.8		
contig_1	78546	78941	-	GLGIAI_0118	14.8	8.6		SO:0001217, UniRef:UniRef50_Q7Y3G9
contig_1	78945	79142	-	GLGIAI_0119	7.5	5.8		SO:0001217, UniRef:UniRef50_Q7Y3H5
contig_1	80882	81175	-	GLGIAI_0122	10.8	7.7		SO:0001217, UniRef:UniRef50_Q7Y3H3
contig_1	81221	81538	-	GLGIAI_0123	11.9	4.1		SO:0001217, UniRef:UniRef50_Q7Y3H2
contig_1	84873	85130	-	GLGIAI_0127	10.5	5.6		SO:0001217, UniRef:UniRef50_Q7Y3U7
contig_1	85141	85335	-	GLGIAI_0128	7.6	5.3		SO:0001217, UniRef:UniRef50_Q7Y3U6
contig_1	85328	85522	-	GLGIAI_0129	7.6	7.8		SO:0001217, UniRef:UniRef50_Q7Y3U5
contig_1	85589	85924	-	GLGIAI_0130	13.1	6.8		SO:0001217, UniRef:UniRef50_A0A7S6L105
contig_1	85957	87780	-	GLGIAI_0131	68.5	5.8	PF00204.31|DNA_gyraseB, PF02518.31|HATPase_c	PFAM:PF00204.31, PFAM:PF02518.31
contig_1	87880	88053	-	GLGIAI_0132	6.5	7.6	PF09723.15|Zn_ribbon_8	PFAM:PF09723.15
contig_1	88725	88967	-	GLGIAI_0134	9.3	5.7		SO:0001217, UniRef:UniRef50_A0A0B7MSF7
contig_1	88998	89144	-	GLGIAI_0135	5.5	11.2		
contig_1	89146	89313	-	GLGIAI_0136	6.5	5.6		SO:0001217, UniRef:UniRef50_A0A0B7MIY4
contig_1	93990	94193	-	GLGIAI_0143	7.7	4.5		SO:0001217, UniRef:UniRef50_A0A0B7MRH1
contig_1	106851	107114	-	GLGIAI_0159	10.1	5.2		SO:0001217, UniRef:UniRef50_Q7Y3T6
contig_1	107972	108223	-	GLGIAI_0162	9.7	8.2		SO:0001217, UniRef:UniRef50_Q7Y3T3
contig_1	109393	109680	-	GLGIAI_0164	11.1	8.0		SO:0001217, UniRef:UniRef50_Q7Y470
contig_1	109682	109915	-	GLGIAI_0165	8.8	4.4		SO:0001217, UniRef:UniRef50_Q7Y469
contig_1	111942	112229	-	GLGIAI_0168	10.8	9.4		SO:0001217, UniRef:UniRef50_Q7Y467
contig_1	112251	112409	-	GLGIAI_0169	5.5	9.0		SO:0001217, UniRef:UniRef50_Q7Y3T0
contig_1	115014	115517	-	GLGIAI_0175	19.0	5.4	PF13353.11|Fer4_12	PFAM:PF13353.11
contig_1	115735	116280	-	GLGIAI_0177	21.3	7.7		
contig_1	116298	116840	-	GLGIAI_0178	20.8	5.5		SO:0001217, UniRef:UniRef50_A0A0B7MR74
contig_1	123597	123851	-	GLGIAI_0188	9.8	5.9		SO:0001217, UniRef:UniRef50_C4MYN6
contig_1	124097	124390	-	GLGIAI_0190	10.9	5.3		SO:0001217, UniRef:UniRef50_Q7Y3R6
contig_1	125104	125382	-	GLGIAI_0193	10.4	6.2		SO:0001217, UniRef:UniRef50_Q7Y3R3
contig_1	125470	125724	-	GLGIAI_0194	9.7	7.8		SO:0001217, UniRef:UniRef50_Q7Y3R2
contig_1	125690	126028	-	GLGIAI_0195	13.3	8.7		SO:0001217, UniRef:UniRef50_A0A0B7MRP0
contig_1	126028	126294	-	GLGIAI_0196	10.2	9.2		SO:0001217, UniRef:UniRef50_A0A0B7MSN1
contig_1	126291	126539	-	GLGIAI_0197	9.4	5.0		SO:0001217, UniRef:UniRef50_A0A0B7MJ50
contig_1	126536	126970	-	GLGIAI_0198	16.6	6.8		SO:0001217, UniRef:UniRef50_A0A0B7MKW0
contig_1	127210	127407	-	GLGIAI_0200	7.4	5.9		SO:0001217, UniRef:UniRef50_C4MYP7
contig_1	127418	127708	-	GLGIAI_0201	11.3	8.5		SO:0001217, UniRef:UniRef50_C4MYP8
contig_1	128647	128868	-	GLGIAI_0203	8.2	9.5		SO:0001217, UniRef:UniRef50_Q76ZH2
contig_1	129239	129589	-	GLGIAI_0205	13.2	4.7		SO:0001217, UniRef:UniRef50_Q76ZH4
contig_1	129586	129924	-	GLGIAI_0206	13.0	6.0		SO:0001217, UniRef:UniRef50_A7XF34
contig_1	129914	130123	-	GLGIAI_0207	7.6	6.7		SO:0001217, UniRef:UniRef50_A0AAF1K123
contig_1	132305	132499	-	GLGIAI_0213	7.5	8.7	PF23903.1|Phage_zn_bind_2	PFAM:PF23903.1
contig_1	134826	135071	-	GLGIAI_0219	9.7	9.7		SO:0001217, UniRef:UniRef50_C4MYR6
contig_1	135068	135262	-	GLGIAI_0220	7.3	4.8		SO:0001217, UniRef:UniRef50_A0A0B7MRS5
contig_1	136496	136621	-	GLGIAI_0223	4.8	10.4		SO:0001217, UniRef:UniRef50_Q7Y3Q5
contig_1	136621	137106	-	GLGIAI_0224	18.2	8.9		SO:0001217, UniRef:UniRef50_Q7Y458
contig_1	137998	138177	-	GLGIAI_0228	6.5	4.4		SO:0001217, UniRef:UniRef50_Q7Y3Q1
contig_1	138586	138900	-	GLGIAI_0231	12.3	4.6		SO:0001217, UniRef:UniRef50_C4MYT0
contig_1	138857	139177	-	GLGIAI_0232	12.0	4.6		SO:0001217, UniRef:UniRef50_Q7Y3P7
contig_1	139196	139396	-	GLGIAI_0233	7.5	4.9		
contig_1	140206	140394	-	GLGIAI_0237	7.2	8.6		SO:0001217, UniRef:UniRef50_C4MYT6
contig_1	140404	140631	-	GLGIAI_0238	8.5	5.0		SO:0001217, UniRef:UniRef50_Q7Y3P1
contig_1	140698	140883	-	GLGIAI_0239	6.7	8.0		SO:0001217, UniRef:UniRef50_A0A0A7NV33
contig_1	141775	141885	-	GLGIAI_0242	4.1	4.4		SO:0001217, UniRef:UniRef50_Q7Y3N6
contig_1	142283	142441	-	GLGIAI_0245	5.4	8.2		SO:0001217, UniRef:UniRef50_Q7Y3N4
contig_1	142509	142886	-	GLGIAI_0246	14.8	5.5		SO:0001217, UniRef:UniRef50_Q7Y3N3
contig_1	143468	143728	-	GLGIAI_0248	9.8	4.4		
contig_1	146446	147468	+	GLGIAI_0253	40.9	9.4		
contig_1	147457	147930	-	GLGIAI_0254	18.7	9.8	PF08722.17|Tn7_TnsA-like_N	PFAM:PF08722.17
contig_1	148552	150351	+	GLGIAI_0256	66.2	5.2	PF00959.24|Phage_lysozyme, PF06714.17|Gp5_OB, PF06715.18|Gp5_C, PF22178.3|Gp5_trimer_C	PFAM:PF00959.24, PFAM:PF06714.17, PFAM:PF06715.18, PFAM:PF22178.3
contig_1	157301	157558	+	GLGIAI_0262	10.0	5.0		SO:0001217, UniRef:UniRef50_A0A0B7ML49
contig_1	163501	164673	+	GLGIAI_0269	42.4	4.8		
